房子名称,房子地址,房子价格
一附院旁单位房，精装两房，有院卫拎包住,东湖区,14965
双育新单价1万出头二七北路，全天日照，精装3房首付50,东湖区,9940
青山南路，通透三房，拎包入住，中间楼层，看房方便,东湖区,11284
马家池社区 3室2厅 103万,东湖区,12937
永外正街电力局宿舍有院卫便停车，首付40享全天太阳,东湖区,13874
江西省广电局文教路生活住宅区 2室1厅 59万,东湖区,9498
育新路 育新小 育新中 中间楼层 小户型总价低随时看房,东湖区,20368
南北通品格局好 有院子门卫 地铁口 八一公园 诚售,东湖区,13818
离地铁近  适合刚需 楼层低 适宜各人群居住,东湖区,10289
一附院边，交通方便，有院子门卫，全天太阳,东湖区,11142
房子装修精装刚需房得房率高户型方正采光好物业好,东湖区,13592
江西省财政厅住宅小区 2室2厅 105万,东湖区,14053
光 线 充 足 视 野 宽 阔 交 通 设 备 便 利,东湖区,13567
滨江社区，成熟配套，交通便利。,东湖区,14032
环湖路单位房 有院子门卫 户型端正 采光好,东湖区,14227
马家池社区 3室2厅 139万,东湖区,13110
叠山路 马家池  精装三房 全天太阳 户型端正,东湖区,12183
腾王阁社区（石厂街） 2室1厅 67.8万,东湖区,15431
江中花园 3室2厅 120万,东湖区,12193
八一公园旁中间楼层 三室两厅精装修,东湖区,13542
樟树林 化纤厂宿舍 小两房 总价低 阳光充足 精装修,东湖区,10827
得房率高，户型方正，商圈繁华，地理位置优越交通便利,东湖区,16024
业主诚心出售，精装修客人直接入住。,东湖区,10187
右营街社区 2室1厅 78.8万,东湖区,13058
八一公园旁，配套成熟，交通便利。,东湖区,10961
恒茂城市花园 2室2厅 138万,东湖区,13135
育新路，通透两房，教育资源丰富，阳光充沛,东湖区,14260
杨家厂小区 2室1厅 88万,东湖区,13602
小区管理严谨 干净整洁 全明户型 户型通透 客厅连阳台,东湖区,14524
君悦青山湖 精装三房 全天太阳 洪都北大道 李家庄旁,东湖区,18712
青山路二 三号线双地 铁口出门购物广场 阳光直射客厅,东湖区,10085
好楼层的雅居户型 出门就是右营街小,东湖区,11491
地铁一号线旁 步行街旁 后墙路 楼层好 陪读佳。,东湖区,13684
力高澜湖国际  毛坯房 中间楼层  采光充足,东湖区,17104
赣江之滨  聆江花园 毛坯三房 实用户型 看房随时,东湖区,13211
一线弧形江景 全天阳光 视野好 无挡,东湖区,15501
贤士二路195号 3室2厅 111万,东湖区,11372
户型端正，可拎包入住，楼层好太阳充足,东湖区,10072
建德观精装三房地段繁华交通方便生活便捷地铁三号线,东湖区,13424
青山湖畔 江中花园 精装三房 环境优美,东湖区,11747
2~3号线地铁口南北通透全天太阳三房蓝天碧水永外正街,东湖区,11831
三钟邮筱精致小三房适合居住二楼入出方便有停车场,东湖区,12999
东湖区一纬路精装三房。三面通风,东湖区,11865
二七北路单位宿舍，精致三房，楼层好，太阳好，,东湖区,14000
电力局单位宿舍 地铁口 环境优美 有门卫有院子,东湖区,12099
诚售滕王阁下凤凰坡低总价地铁有小初教育空户精装带租,东湖区,15620
苏圃路 2室1厅 60万,东湖区,11436
胜利路 高档社区 品质住宅 精致装修 拎包入住 诚心卖,东湖区,12597
福州路 电梯住宅 物管规范 单价不过万 近人民公园,东湖区,9161
光 线 充 足 视 野 宽 阔 交 通 设 备 便 利,东湖区,11986
爱国路单位房，实际面积大，环境好，全天太阳,东湖区,17034
婚房精装2房，太阳好，采光足，拎包入住,东湖区,13065
建德观138号3楼房东诚心出售。,东湖区,11577
隆兴小区2房南装修清爽拎包入住，看房随时诚心出售,东湖区,12906
八一桥商圈，配套成熟，交通便利。,东湖区,9903
户型方正 通透性好 出入方便 房东诚心出售,东湖区,15733
配套齐全，精装修，朝南的户型。,东湖区,12174
贤士二路 人民政府二大院 精装3房 附带面积 带家具,东湖区,12135
贤士湖大四房诚心出售，价格美丽。看房方便。。,东湖区,9308
阳明路  电梯房   出版大厦看江景,东湖区,12356
青山湖旁 精装两房 视野好 新力物业 小区环境好,东湖区,12997
房东诚心出售，楼层好，光线不错,东湖区,16693
滨江首府 2室1厅 140万,东湖区,15813
房东诚售精致3房2厅、房东诚售！,东湖区,12864
位于老城，配套完善，户型精致，宜居价格便宜,东湖区,10032
此房在，紫金城店旁红原星城小区。,东湖区,11479
正规两房.出入方便.房东城售生活配套齐全,东湖区,16984
音乐花园 5室2厅 216万,东湖区,12011
胜利路旁两房朝南精致正规两房坐北朝南,东湖区,9898
人民政府二大院 2室2厅 88万,东湖区,12279
师大后门旁  地段好，小两房 全天阳光 业主诚心出售,东湖区,8298
二七北路，育新旁精装两房，拎包入住，有院子可停车,东湖区,11056
户型端正 正规二房  间间有窗  全天太阳,东湖区,15860
石厂街 满五年 房东诚售 结构好 近地铁,东湖区,12886
此房满五唯一，格局不错，楼层好，视野宽阔，采光充足,东湖区,13386
房东诚心出售，配套齐全，交通方便,东湖区,19162
房东诚心出售，房屋采光良好，户型南北相通。,东湖区,11740
紫金城 3房2厅 指标都在 采光好 等钱用,东湖区,13200
东湖区政府旁 龙泉湾 精装大四房 诚心出售,东湖区,16660
人民政府二大院好房，两室两厅，房东承受,东湖区,11492
俯瞰赣江 水天一色江景房 方正户型 安心物业,东湖区,17438
东湖区洪都北大道 军悦青山湖旁 精装三房 总价低,东湖区,14481
北京西路，育新旁，实际面积大，有太阳，地段好,东湖区,11211
东湖区 碧水华庭旁 精装四房 视野好 可看赣江,东湖区,11500
东湖区 锦苑春天旁 结婚精装南北通风三房带车位,东湖区,21488
棕帽巷 2室2厅 90万,东湖区,11207
东湖区紫金城旁龙泉湾精装修带100平大露台和地下车位,东湖区,16693
福辉大厦 4室2厅 318万,东湖区,15240
青山南路 地铁口 公安厅宿舍 两房朝南 端正户型 诚售,东湖区,12027
双育新 福州路 三房朝南 全天太阳 交通便利,东湖区,10382
业主诚心出售，房子阳关充足光线明亮，看房方便。,东湖区,13812
爱国路51号 4室2厅 200万,东湖区,13576
花园角街八一公园旁三房看房方便配套齐全,东湖区,12582
小区环境好，房子阳光充足，出行方便，有电梯。,东湖区,16020
青山南路 2室1厅 86万,东湖区,11301
拎包入住，精装修，干净整洁，清爽舒适,东湖区,12146
民德路 2室1厅 98万,东湖区,14658
实际面积大众观整个青山湖，地铁3号线，香思林公园,东湖区,14747
东湖区阳明东路隆兴小区精装复式,东湖区,11066
八一大道口 高档住宅 豪精装4房 双地铁口,东湖区,22284
杨家厂标准三房，楼层好，光线好，地跌近,东湖区,13517
大士院三区 2室1厅 120万,东湖区,10381
人行宿舍，大4房，有小，初教育，地铁口,东湖区,12385
金阳光大厦（南京西路298号277号） 3室2厅 156万,东湖区,11011
竑鼎福第 2室2厅 150万,东湖区,16012
马家池社区简装好房直接拎包入住户型通透采光充足,东湖区,11500
力高澜湖国际 小3房 户型端正 楼盘新 小区环境好,东湖区,17961
青山南路江南都市花园首付50万享全天太阳，精装2房,东湖区,15239
大士院住宅四区 1室1厅 33万,东湖区,8525
力高澜湖国际 李家庄旁 青山湖畔 3房2厅2卫,东湖区,17365
南昌市园林住宅小区 2室2厅 98万,东湖区,13951
天骥俊园 3室2厅 180万,东湖区,14901
三面采光，全天太阳，小区干净整洁，交通便利。,东湖区,11075
洪都北大道 旅游商贸宿舍 精装三房 全天太阳 户型端正,东湖区,9166
此房可以看，视野较好，采光充足，交通便利。,东湖区,10010
广场北路单位房 ②⑧中 坐北朝南 采光佳 户型端正,东湖区,13450
水岸观邸 2室1厅 125万,东湖区,13653
化工原料厂 有院子门卫 全天太阳 房东诚心卖,东湖区,11281
箭道巷 2室1厅 54万,东湖区,11969
青山南单位宿舍 户型端正 前后无档 得房率高,东湖区,16468
箭道巷煤气公司单位宿舍三房两厅地段繁华地铁三号线,东湖区,10367
大士院住宅二区 2室2厅 75万,东湖区,10848
包家巷两室得房率高，商圈繁华，交通便捷,东湖区,13170
青山路口 精装房 双地铁口 房东诚售,东湖区,13837
视野开阔，采光充足，配套设施齐全，交通便利,东湖区,12145
李家庄精装电梯房 华润万家 旁边邮小,东湖区,11407
滕王阁子固路两房 标准两房户型 房东诚售,东湖区,12519
青山南路地铁口百货大楼旁通透户型中间楼层,东湖区,10590
中山路渊明北路百盛天虹 正规小两房 出入方便,东湖区,11042
青山路住宅小区 2室2厅 108万,东湖区,12389
得房率高，户型方正，商圈繁华，地理位置优越交通便利,东湖区,14177
爱国路 地铁口 单位宿舍 人民医院 得房率高 看房方便,东湖区,11188
肖家巷市区正规三房 通风极好 出入方便 诚售置换,东湖区,8805
沿江快速路方志敏广场单位房有院子能停车 一线江景,东湖区,9668
电信宿舍单位房，公摊面积少，带储藏室，交通便利,东湖区,9530
福州路350号 2室2厅 83万,东湖区,11339
阳明锦城 央央春天双地铁口 空中别墅 实际面积大,东湖区,9979
金麟大厦（胜利路155号） 5室2厅 200万,东湖区,9027
叠山路 包家巷 首付40万享全天太阳 精装通透3房 急售,东湖区,10536
青山路二三号地铁口 大三房层高3米6,东湖区,14314
青山湖旁，湖畔豪庭。诚心出售此房，看中好商量,东湖区,10990
祝家巷精装3房中间楼层配套齐全,东湖区,12053
金麟大厦（胜利路155号） 4室2厅 198万,东湖区,11935
榕门路滕王阁旁单位宿舍 结构好 全天太阳,东湖区,11083
八一桥头出版大厦 地铁二号线旁 交通便利 领包入住,东湖区,11927
裘家厂住宅区 3室2厅 80万,东湖区,12056
恒茂城市花园 4室2厅 228万,东湖区,12985
一线湖景 通透户型 中式装修 拎包入住,东湖区,15988
，装修清桑，可直接入住，房东诚心出售,东湖区,12862
渊明北路 3室2厅 182万,东湖区,12482
江西省儿童医院家属区 2室1厅 90万,东湖区,14143
南京西路电视机厂宿舍老人住日照足，有院便停车近28中,东湖区,13198
中山桥 滕王阁地铁口 滨江首fu 精致两房,东湖区,19000
赐福巷 1室1厅 42万,东湖区,10175
铁路机务段单位宿舍 坐北朝南 户型端正 房东急售,东湖区,11043
音乐花园 1室1厅 50万,东湖区,12994
上营坊 2室1厅 62万,东湖区,13684
阳明路 马家池 单位房 近地铁 配套好 房东诚售,东湖区,12290
中大丽景 2室2厅 135万,东湖区,14891
文教路，电子仪器厂宿舍，小区环境，诚心出售,东湖区,12899
体育馆单位宿舍 精装通透二 朝南 日照充足期待有缘人,东湖区,11270
满五年， 南北对流，得房率高， 户型格局好,东湖区,13008
东湖区锦苑春天 毛坯通透大三房,东湖区,20930
小区环境好，旁边配套齐全，交通便利无遮挡、采光好,东湖区,10000
紫金城 端正户型 实用两房  房东急售 看房方便,东湖区,20983
青山南路公安厅宿舍 2室2厅 75万,东湖区,8430
满五年，小户型，楼层低，交通便利，配套设施齐全,东湖区,10513
贤士湖怡园小区  标准二房  户型通透  小区环境好,东湖区,11804
房子位置好，坐车方便，单价合理，房东诚心出售,东湖区,10058
11000单价经纬府D旁三经路制药厂全天太阳首付40急售,东湖区,9919
视野好 靠江边 停车方便 房东好急的卖,东湖区,10705
东湖区  三经路，一纬路，精装修，3房2厅,东湖区,14999
东湖区洪都北大道交通方便环境好三房。,东湖区,15171
裘家厂社区两房一厅地段繁华交通方便生活便捷户型好,东湖区,13097
江中小区 2房朝南 交通方便 有小区 绿化高,东湖区,10246
地铁口，全天太阳采光足，有小，初教育,东湖区,13106
地段好，生活便利，户型通透！业主诚心售卖,东湖区,11667
外办宿舍的房子，精装，拎包入住，顶楼有一层。,东湖区,12804
1-2号线地铁，江景房，全天太阳，生活配套齐全！,东湖区,12297
为爱护航 桂旺巷首付28享精装二房日照足 老有所享诚售,东湖区,13983
中间楼层 居家装修 南北朝向  全天太阳 地铁口,东湖区,12515
精装湖景三房 两房朝南 全天阳光 结构好 配套齐全,东湖区,13411
青山湖畔，体育公园，地铁，一环线口，房东诚售,东湖区,11896
省委大院旁 监管局宿舍 有院子门卫 得房率高 房龄新,东湖区,12770
地铁口 金盘路 精密巷 中间楼层 拎包入住 看中可谈,东湖区,11964
力高澜湖 国际 3室2厅 南....,东湖区,17446
桂旺巷3房，坐北朝南，全天太阳，价格低,东湖区,8970
下凤凰坡2房，有小，初教育，地铁口,东湖区,11887
射步亭 2室1厅 85万,东湖区,10334
电信宿舍，通透户型，采光好，户型正,东湖区,11286
恒茂城市花园，南北通透，满五唯一，房东诚心出售,东湖区,13597
滕王阁民巷社区两房 实际面积大 标准两房,东湖区,13134
裘家厂住宅区 2室1厅 66万,东湖区,11119
得房率高，户型方正，商圈繁华，地理位置优越交通便利,东湖区,12736
青山南路 单位宿舍 配套成熟 房型端正 房东诚心出售,东湖区,10368
旁边配套齐全，交通便利无遮挡。,东湖区,11939
江中花园小区，青山湖畔3号地铁，品质楼盘,东湖区,12141
中山路边上，交通便利，户型方正，中间楼层，精装修。,东湖区,12646
苏圃路精装两房 户型端正 南师 采光好,东湖区,15989
江中花园 带10多平米阁楼   地铁3号线旁 青山湖畔,东湖区,13497
滕王阁射步亭精装小两房 可拎包入住,东湖区,13331
江中小区 2室2厅 88万,东湖区,12377
阳明路 3室2厅 136万,东湖区,12036
阳明路 2室1厅 52.2万,东湖区,12763
右营街社区 1室1厅 59万,东湖区,12120
青山南路 双地铁 户型端正 实用三房 环境好 能停车,东湖区,13900
南京西路 一付院旁 实用三房 楼层好 太阳好 交通方便,东湖区,11061
红原星城 3室2厅 170万,东湖区,10477
百盛旁边 上学节省睡觉时 看房随时 房东诚心售,东湖区,12853
经堂巷 南师单位宿舍 户型端正 采光好,东湖区,15948
杨家厂两房一厅地段繁华交通方便生活便捷地铁一号线,东湖区,10710
小区环境气派，安静适合居家，交通便利，一楼带储藏间,东湖区,20031
马家池社区 3室1厅 125万,东湖区,12804
新华书店民德路住宅小区 2室1厅 90万,东湖区,13468
中大青山湖花园 3室2厅 256万,东湖区,18411
木偶剧团单位房，老城区无公摊，整个三楼都是自己家,东湖区,11080
东湖区政府旁一线江景房房东诚心出售,东湖区,17658
邮政路 2室1厅 85万,东湖区,13276
刚需房，得房率高，户型方正，采光好，物业好,东湖区,12569
福州路江中宿舍 两房南 全天太阳  有院子方便停车,东湖区,10772
二轻局宿舍 1室1厅 60万,东湖区,14656
三建家属院 1室1厅 65万,东湖区,15156
威达商住楼 1室1厅 65万,东湖区,12283
威达商住楼 2室1厅 105万,东湖区,14319
上下双层复式，小两房，户型方正，阳光充足，总价低,东湖区,12618
锦苑春天 精装三房 地铁4号线 公安厅单位集资房,东湖区,20581
步行街大士院两房，两房朝南，采光充足，诚心出售。,东湖区,10813
一线江景房，楼层高，采光通透性好，户型好,东湖区,19931
东湖区 城中芯配套成熟交通便利三房一厅户型端正,东湖区,8445
有院子有门卫 中间楼层 前面无挡全天太阳,东湖区,14262
阳明路市委宿舍 2室2厅 110万,东湖区,14134
东湖区八一桥旁两室一厅，房子通透。,东湖区,11018
南京西路 28中 3室2厅 精装修,东湖区,11205
整体风格精致，温馨居家浓郁，南北通透，采光好。,东湖区,7492
出新巷 3室1厅 99.8万,东湖区,11800
小区环境好  配套齐全  交通处行方便地铁口公交,东湖区,13737
天骥俊园 洪都高架桥 李家庄旁 大三房 全天太阳,东湖区,15164
青山南路 双地铁口 实用两房 复式结构 精装,东湖区,14444
户型方正 1号线  总价低 小2房 出入好,东湖区,11934
带三个露台，复式楼，上下两层，地铁沿线，停车方便,东湖区,10176
锦和嘉园  精装复式三层  房东相当爱惜,东湖区,12216
东湖区花园洋房 单价1W 三层复式 在售,东湖区,10008
章江路 子固路 地铁一号线 全天太阳 户型端正,东湖区,12549
东湖区 锦苑春天旁 大平层 客厅两层挑高,东湖区,14684
此房户型方正，小区管理严谨干净整洁，户型通透,东湖区,13157
阳光充足 人车分流 物业管理规范  南北通透毛坯,东湖区,20542
满五唯一，房东诚心出售，看房方便,东湖区,13240
近人民公园 冶金集团住宅小区 户型方正 采光好,东湖区,10774
葡萄架 两房 配套齐全 交通便利 美食一条街,东湖区,11592
祝家巷通透2房有太阳    看房方便诚心出售,东湖区,12893
房东诚心出售 朝南户型 阳光无挡 近万寿宫地铁口,东湖区,10696
马家池两房两厅南北朝向房间朝南地段繁华交通方便,东湖区,13265
苏圃路二房 装修清爽 读南师 十九中 随时看房,东湖区,13743
大士院街一房一厅房间朝南地段繁华交通方便生活便捷,东湖区,9018
象山北路一房一厅地段繁华交通方便生活便捷配套成熟,东湖区,8912
只需买好这套房 此生不用再买房  一家3代享安居乐业,东湖区,11931
射步亭地段繁华交通方便生活便捷地铁一号线,东湖区,12402
光 线 充 足 视 野 宽 阔 交 通 设 备 便 利,东湖区,8748
东湖区工行宿舍 电梯2房 有小，初教育,东湖区,16028
温馨精装小房  单位房   户型方正 出入方便,东湖区,13623
中山桥边 开间户型 房东诚心出售,东湖区,17365
楼层好，此房满五唯一，房东诚意出售,东湖区,10066
步行街旁裘家厂精装采光优质全天太阳,东湖区,12524
福州路单位房 环境好  有小区有门卫 精装拎包入住,东湖区,11428
近地铁，位置优越，滕王阁旁，一江两岸”,东湖区,19981
广场北路办公厅宿舍停车便利 首付60万享28中全天太阳,东湖区,15356
八一桥旁地铁二号线十中旁 交通便利 户型端正,东湖区,11962
青山路地铁口 儿童医院 光线好全明户型急售,东湖区,9484
洪都中大道  青山湖香寓 力扬京都608南面   交通便利,东湖区,12549
地铁口 旁边百盛天虹 交通便利 户型通透,东湖区,12463
省建设厅职工宿舍（文教路448号） 1室1厅 50万,东湖区,9826
箭道巷 1室1厅 35.5万,东湖区,11613
裘家厂住宅区 1室1厅 45万,东湖区,11781
有南有北，通风效果好，太阳全天。,东湖区,14434
大顺巷 2室1厅 68万,东湖区,11345
地铁口大一房 出行方便 户型端正 配套完善,东湖区,8765
视野开阔，中间楼层，配套设施齐全，交通便利,东湖区,12268
户型方正通透，有大公共露台，光线充足。,东湖区,15822
文教路上总价低一室，楼层好，老少皆宜，随时看房,东湖区,10547
隆兴民居，正规两室，小区环境好，房东人很好。,东湖区,14526
右营街社区1房户型板正，采光好，房东诚心出售,东湖区,12157
房子装修保养很好 客厅很大两房朝南 光线好,东湖区,17397
紫金城旁 端正两房 南北对流 有院子 安全 诚心出售,东湖区,9496
户型方正，交通便利，医疗设施齐全，临地铁口精装房。,东湖区,11858
总价低，房子户型端正，近万寿宫地铁口,东湖区,8090
杨家厂一房一厅地段繁华交通方便生活便捷地铁一号线,东湖区,11758
省儿童医院精装两房，房东诚心出售。,东湖区,12666
东湖区樟树林旁花园环境小区锦桂华庭精装两房诚心出售,东湖区,14592
青山路小区 精装通透3房 全天太阳   诚售.,东湖区,10105
红原星城 3室2厅 133万,东湖区,12876
文教路南京西路交汇处 电信宿舍 世纪面积大,东湖区,11050
环湖路 三房两厅两房朝南全天太阳地段繁华邻八一公园,东湖区,11136
文教北路，价格低廉 基础设施完善，交通生活买菜方便,东湖区,11198
步行街旁繁华地段诚售 老城区更懂你,东湖区,10718
樟树林旁 小区房 有院子 得房率高 房东诚售 随时看房,东湖区,13220
贤士湖住宅小区通透3房 配套齐全 看房方便 诚心出售,东湖区,8112
奥林匹克大厦 3室2厅 134万,东湖区,10544
带屋顶花园 纯毛坯楼盘精装时代的熊猫房源,东湖区,16550
阳明路 省委大院 通透户型 住家装修 环境好 出入地铁,东湖区,14096
一附院宿舍 婚房装修 中间楼层 有院子门卫停车方便,东湖区,15953
精装3房100万诚心出售，好房等你来,南昌县,11822
景城精装修小三房 精装未入住 诚心出售,南昌县,12500
天虹商场旁的正规一房一厅 精装 带厨卫 有燃气,南昌县,13119
平安象湖风情，大三房，价格实惠，出行便利。,南昌县,8965
精装通透大三房，华润万家即在门口，超高得房率洋房,南昌县,8919
此房楼层好 格局通透 采光足，精装修,南昌县,10638
恒大城  人车分流小区 环境好 带装修 随时可看,南昌县,10996
新力物业 品质楼盘 精装三居室 视野开阔  人车分流,南昌县,14492
花园洋房带花园 大4房2卫 大厨房 使用面积大,南昌县,14582
象湖新城，采光很好有大阳台，配套齐全,南昌县,11860
总楼层5层的洋房 ，物业好， 房东诚心出售,南昌县,11667
此房诚心出售，居家精装修未入住，带家居一起卖,南昌县,11338
力高国际城四期！精装通透三房，房东诚心出售,南昌县,13574
澄碧湖旁 精装两房 可拎包入住 房东诚售,南昌县,8360
近新洪城，南大医附院旁。精装通透小三房,南昌县,11758
此房源卖一套少一套    89平三房两卫,南昌县,12922
仁兴现代城 4室2厅 113万,南昌县,8157
白沙地 地铁口的大三房 房东诚心出售,南昌县,10730
新力品质 必属精品 青年人幸福的小窝,南昌县,12733
康城二期正规复世 精装四房可拎包入住 房东诚心好看房,南昌县,9647
东端户  小面积   诚心出售,南昌县,12584
平安象湖风情精装通透三房，房东诚心出售随时免费陪看,南昌县,9127
精装、带有130平方地下室和前后80平大阳台。,南昌县,16097
左华润右天虹精装高层大两房急售,南昌县,10338
南北通透精装修视野无挡，就读外国语,南昌县,10457
象湖沃尔玛商场 丁香怡景总价35万的七十年产权住宅,南昌县,11201
精装三房，楼层好，采光充足，小区干净整洁,南昌县,12963
金沙大道旁，在天虹西面.房东诚心急售！,南昌县,9651
小区环境好     近地铁   楼层好   视野好    邻洪城,南昌县,12979
择一城终老，择一房白首 喜欢就要说出来,南昌县,12453
居住主题公园-牡丹香园 3室2厅 113.6万,南昌县,9856
江铃底特律门口地铁口，带储藏间，全新装修未入住。,南昌县,9312
花园式洋房，精装修，房东置换，诚心出售。,南昌县,9924
象湖繁华地段 生活便捷 交通好 房子户型通透 采光好,南昌县,11258
天祥棕榈湾.毛坯三房.品质小区.配套成熟.采光充足,南昌县,12741
毕加索花园  近地铁  小高层11楼 3房2厅1卫,南昌县,10841
金沙逸城二期  人车分流  小区环境好  户型方正,南昌县,11319
保集半岛御河湾二期 3室2厅 116万,南昌县,13576
向阳路 正宗三房 精装直接拎包入住 出入方便,南昌县,10023
南北通透，无遮挡，全新装修，楼层好,南昌县,11195
精装修大四房，中间楼层，采光好无遮挡,南昌县,11311
户型端正，视野宽阔，采光充足，配套设施齐,南昌县,12731
莲塘街上必看好房，价格实惠，采光通透性好,南昌县,7096
奥林花园！精装通透三房，房东诚心出售,南昌县,11124
多层上下两层 可住两家人 第二次一样高,南昌县,7671
象湖桃源  正规复式楼  户型通透,南昌县,10500
户型方正 楼层好 视野宽阔 采光充足 配套成熟,南昌县,12047
新力物业，一梯一户，小区环境好,南昌县,14534
房东诚心出售 家具家电齐全 出入方便 配套齐全,南昌县,11806
新力银湖湾 3室2厅 98万,南昌县,11012
保利春天里， 南北通透三居室 中高楼层 看房提前约,南昌县,11041
婚房装修  诚心出售  价格好,南昌县,10809
居住主题公园-枫林美庐 3室2厅 98万,南昌县,11024
正荣大湖之都郦岛 3室2厅 108万,南昌县,12660
象湖3房2卫，你不能错过的一套精装修,南昌县,10476
力高国际城小面积  70年产权  天然气入户 装修清爽,南昌县,10826
视野宽阔交通便利还有大阳台采光很好,南昌县,11828
象湖新城  象湖桃源  省委大院 绿化面积大,南昌县,9826
精装三房套内140带阳台80平地下车位一个。,南昌县,11859
环境好 地理位置也好 小区感觉舒适！,南昌县,10392
环境好 地理位置也好 小区感觉舒适！,南昌县,12021
要结婚了  买房  装修  这里可以一步到位,南昌县,11628
一线江景房、 看房钥匙在手 、高新均价1万多点,南昌县,8680
精装 大三房 采光好房东诚心出售,南昌县,9664
伟梦单位房，物业好，管理严，地铁口沿线，近新洪城,南昌县,9100
南北  户型好  视野好  配套都有  离地铁方便,南昌县,10212
正规四房，温馨舒适，小区配置齐全。,南昌县,10042
精装南北通透三房，家居齐全，可拎包入住,南昌县,10186
恒大五期三房  小区环境好  物业管理严谨,南昌县,7920
配套齐全.交通便利，端正户型.房东急售，人车分流,南昌县,11807
全封闭式花园小区，小区配套齐全， 视野开阔,南昌县,11569
恒大绿洲精装三房，通透户型，带全套家具家电,南昌县,8241
幸福时光 全天阳光 房东诚心出售,南昌县,12099
宜家精致三房，南北通透，开发商交房，全新未入住,南昌县,11184
洋房，物业好，环境好，安保到位，诚心出售,南昌县,13662
幸福庄园 南北通透户型方正 房东诚售,南昌县,8844
近象湖湿地公园，优质的三居室，房东诚心寻求有缘人,南昌县,9940
恒大园林小区，楼间开，朝南，正规三房,南昌县,11099
底特律2楼半 精装修三室 3号地铁口房东诚售,南昌县,9819
此房交通便利 户型好 采光 配套好,南昌县,12693
户型端正，拎包入住，环境优美，品质好房！,南昌县,14471
单价9500的精装3房2卫，带16平露台，家具家电都有。,南昌县,9444
新小区人车分流 小区环境物业好  带车位房东诚心出售,南昌县,13282
象湖繁华地段 生活便利 交通四通八达,南昌县,10772
新洪城大市场旁，近地铁口200米,南昌县,10352
大面积中间楼层的端户，面积大通风好,南昌县,10000
居住主题公园-象湖南郡小区 3室2厅 115万,南昌县,11224
房子实用面积大四房，精装带家电,南昌县,12904
毛坯三房，装修可以根据自己喜欢的风格随意改造,南昌县,9139
幸福时光二期精装大三房 南面正对学  校操场 视野开阔,南昌县,12939
房东近期资金困难   出价就卖  捡漏房,南昌县,13287
带露台 通透四房房 居住舒适 楼下商场 繁华地段,南昌县,9216
正规南北通透，新洪城大市场，沿江快速路，南大一附院,南昌县,11315
南昌恒大城 3室2厅 123万,南昌县,12059
总价低  精装小三房 刚需客户推荐 房东诚心卖,南昌县,11322
莲塘精装三房，采光充足，楼层好不用物业费,南昌县,9053
莲塘便宜两房，采光通透性很好，交通便利,南昌县,8323
房东急售。年前装修的。楼层好。东端户。值得一看,南昌县,13376
南北通透，交通方便，新洪城，沿江快速路。,南昌县,12184
全新装修婚房，南面无挡，雄溪河湿地公园尽收眼底,南昌县,13820
幸福时光五期 一梯一户 新力物业 诚心出售,南昌县,12184
新力品质楼盘，毛坯三房，易改造，通透采光好,南昌县,12041
带个小院的中式风格通透户型，。,南昌县,11012
楼层好，视野宽阔，采光好，风景优美，适合居住,南昌县,12456
上峰景城 2室1厅 68万,南昌县,11270
幸福时光一期 3室2厅 103万,南昌县,12050
新力银湖湾，人车分流小区 景观楼层，媲美朝阳,南昌县,12105
梦里水乡天一    精装修    拎包入住     诚售,南昌县,13389
丰源精装三房，背靠象湖湿地公园，业主置换,南昌县,11826
距朝阳新城一道之隔，旁边就湿地公园 南北通透大三房,南昌县,9711
力高国际城四期4-2-1-2    毛坯改动性大,南昌县,10267
房东诚心急售 出门澄碧湖公园 学 校 超市,南昌县,11208
封闭式花园小区 近新洪大 一附院 户型通透 全天太阳,南昌县,9086
梦里水乡荷园，精装房，采光充足，视野开阔,南昌县,12759
带60平米大露台，新力物业，一梯一户，精装3房,南昌县,13090
[诚心出售]贵都国际花城带亭子阳光房 精装复式楼三卫,南昌县,6864
成熟地段 户型方正 2房可@改3房 满2年 无增值税,南昌县,7631
恒大绿洲五期 3室2厅 96万,南昌县,7500
江西奥林匹克花园 3室2厅 106.8万,南昌县,11737
一附院，洪城大市场都开业啦 !全新装修带车位正规三房,南昌县,12778
这两天就要出售的房子，有意向的可以尽快来看呢,南昌县,11078
景城名郡 正规复式楼 诚心出售 价格优惠,南昌县,15120
房东低价诚心出售此房，随时可以签。,南昌县,4790
好房 房东急售.........................,南昌县,10183
象湖公馆九里象湖城三房户型 配套成熟 小区环境好,南昌县,11359
市场小区精装房  地段好  交通便利,南昌县,9231
一附院旁，保集三期正规三房，因升迁外地诚售！,南昌县,11312
中间楼层、拎包房，房东诚心出售。,南昌县,10997
江铃底特律 多层毛坯小三房 中间楼层采光好 地铁口,南昌县,10366
恒大绿洲 电梯房 业主诚心放卖 看房方便 房东诚售,南昌县,8117
恒大绿洲  地铁口 精装三房 视野无挡 环境优美,南昌县,9041
银河城好地段， 户型结构好、阳光充足，配套成熟，,南昌县,9408
澄碧湖楼上 向阳路两房  商圈成熟  交通便利,南昌县,9268
五期房子  户型好 房东很诚心,南昌县,8387
星洲国际，通透户型，户型方正，客餐分离。交通便利,南昌县,13136
三居室 中高楼层 精装空闲  有钥匙随时能看房,南昌县,12860
此房精装修，户型方正南向，全天阳光，中楼层，景观好,南昌县,8779
楼层好 随时看房 看中可谈价 交通便捷,南昌县,10598
金涛御景花园 3室2厅 103万,南昌县,9966
房东诚售，正宗三房，周配套齐全 看房找徐勇莲,南昌县,11429
澄湖公园，繁华地段，出行方便.价格好商量,南昌县,12961
玺园南区 3室2厅 106万,南昌县,12046
幸福时光二期   精装修3房2卫   诚心出售,南昌县,11263
莲水巷中装三房两厅 通透户型 近百货大楼,南昌县,8318
一梯一户南北对流户型 电梯景观楼层东端户 精装修,南昌县,13850
力高君御都会房子，南北通透的三房，中间楼层,南昌县,12264
象湖优质楼盘  一梯一户  新力物业,南昌县,12135
银河城天星湾 3室1厅 116.8万,南昌县,12560
新力象湖湾 ，新力物业 小区人车分流,南昌县,12749
精装复式、拎包即可入住、交通便利、看房随时方便。,南昌县,10492
精装修家电家具都带，一梯一户两房朝南,南昌县,14457
洪大赣江城  户型方正 视野宽阔 配套成熟,南昌县,11519
银三角近地铁带大露台复式楼 30万精装房  房东诚心售,南昌县,10953
银亿上尚城五-2期高层，毛胚，近地铁，临洪城,南昌县,12223
南北通透三居室 中高楼层 精装空闲  有钥匙随时能看房,南昌县,9133
景城精装三房，格局好，楼层好，视野开阔，价格美丽,南昌县,13750
电机厂宿舍 3室2厅 79.8万,南昌县,8185
已装修部分，大三房两卫，后面是游泳池，风景迷人,南昌县,8806
澄湖春天 3室2厅 126万,南昌县,10770
菜场 公交 象湖湿地公园 装修好，环境可以,南昌县,11742
精装三房 婚房装修 九成新 人车分流小区 急售！,南昌县,12728
南部美的城 电梯花园洋房 采光好户型方正 近地铁口,南昌县,10000
新洪城住宅楼  出门沿江快速路  交通方便,南昌县,11906
总有一个好去处能让人忘形的舒展自己,南昌县,12000
恒大城经典两房，楼盘新绿化好物业严，总价便宜首低,南昌县,10620
平安象湖风情 洋房  典型2+1 得房率高,南昌县,10123
伟梦东方院 玉龙苑 电梯三房 全天采光  户型通透,南昌县,10163
象湖繁华地段 光线极好。。，，，，,南昌县,10284
真实房源，诚心出售、价格可刀、,南昌县,10394
象湖老城总价低的.户型好优质三房,南昌县,11645
景城名郡 3室2厅 98万,南昌县,11287
此房采光好，配套齐全，交通便利，小区绿化环境不错,南昌县,10771
交通方便，新洪城大市场，沿江快速路，南大一附院,南昌县,11700
户型小视野开阔采光足，适合年轻人老人优选,南昌县,11091
业主诚心出售，因业主要去外地发展，故售此房,南昌县,12648
平安象湖风情在象湖地段位置很好,南昌县,11014
楼层采光好，南北双阳台，看房方便,南昌县,13371
小区入口 出行方便 楼下恒大影城和菜场,南昌县,10551
南北通三房居家精装 超大使用面积,南昌县,12436
单价11000还有商量前面无挡的好楼层，隔壁就多改间房,南昌县,10347
金沙二路 景城精装二房 实用面积大 出门菜市场 旺中旺,南昌县,12942
走路两百米到沃尔玛，是精装修的两房。。,南昌县,10244
小区空气全新，楼层好，视野无遮挡，配套设施齐全,南昌县,8796
象湖滨江地区，靠新洪城大市场，近地铁口，出入方便,南昌县,10531
房东诚心出售，户型好，绿化好！,南昌县,8135
南部美的城精装三房  楼层好 采光充足,南昌县,9260
力高蓝湖郡 南北通透三居室 中高楼层 精装空闲,南昌县,13562
此房满五唯一，朝南通透三房，户型方正，采光充足。,南昌县,12014
南昌恒大城  品质楼盘 环境优美,南昌县,9673
幸福五期精装大四房，装了花了80来万，新力物业,南昌县,12982
江铃瓦良格 高层通透房东精装大三房  地铁口 环境优美,南昌县,10461
象湖桃源 4室2厅 238万,南昌县,14803
房东诚心出售，小区环境好，新力物业管理到位,南昌县,18469
出门就是地铁口，从南到北通敞，户型方正，采光充足,南昌县,12443
保集御河湾！精装通透大四房，房东诚心出售,南昌县,11685
保利春天精装未入住，旁边就是校区菜市场，交通方便,南昌县,10244
保集半岛！精装通透三房，房东诚心出售,南昌县,11857
房子房东诚心出售 业主置换，，，,南昌县,12475
幸福庄园精装两房，旁边就有幼儿园，交通便利,南昌县,8140
此房楼层好 视野开阔 采光充足 配套齐全,南昌县,10923
恒大城精装，拎包入住，视野开阔，无遮挡，四房两厅,南昌县,9984
交通方便，新洪城，沿江快速，一附院，小区配套齐全,南昌县,15440
景城名郡 3室2厅 113万,南昌县,12711
新力银湖湾 3室2厅 100万,南昌县,11161
君悦府 3室2厅 119.8万,南昌县,13522
楼下是沃尔玛 新开了一家海底捞,南昌县,13084
两房价买三房 业主急售 价格美丽,南昌县,11605
房子南北通透，视野宽阔，景色优美。,南昌县,12487
上峰景城地楼层好房源!环境优美！,南昌县,11609
幸福时光二期   2房  精装修,南昌县,10635
